City,Colors Reported,Shape Reported,State,Time
Ithaca,,TRIANGLE,NY,6/1/1930 22:00
New York Worlds Fair,,LIGHT,NY,4/18/1933 19:00
New York City,,DISK,NY,1/8/1946 2:00
Syracuse,,DISK,NY,2/20/1947 22:15
Syracuse,,CIGAR,NY,7/14/1947 10:30
Saranac Lake,,DISK,NY,8/12/1947 22:00
New York City,,CIRCLE,NY,8/1/1948 2:00
New York City,,OVAL,NY,1/2/1950 0:00
Jackson Heights,,DISK,NY,6/30/1951 7:00
Binghamton,,DISK,NY,2/10/1952 21:00
New York City,,DISK,NY,6/30/1952 13:00
New York City,,OTHER,NY,7/15/1952 19:00
Ovid,,DISK,NY,6/1/1954 6:00
Oakdale,,DISK,NY,7/15/1954 21:00
Bridge Hampton,,LIGHT,NY,7/15/1954 22:00
Farmingdale,,OVAL,NY,8/1/1954 12:00
Geneva,,DISK,NY,9/1/1954 13:00
New York City,,LIGHT,NY,2/15/1955 19:00
Rhinebeck,,LIGHT,NY,10/15/1955 20:00
Richfield Springs,,CIGAR,NY,6/15/1956 18:00
New York City,,LIGHT,NY,6/15/1956 21:00
Rhinebeck,,DIAMOND,NY,5/25/1957 13:00
Glens Falls,,DISK,NY,6/1/1957 20:00
Hicksville,,CIRCLE,NY,6/6/1957 22:00
New York City,,TEARDROP,NY,6/30/1957 12:00
Barker,,DISK,NY,6/30/1957 20:00
Ticonderoga,,DISK,NY,8/14/1957 16:00
New York City,,,NY,10/15/1957 2:00
New York City,,OVAL,NY,6/1/1958 21:00
Yonkers,,LIGHT,NY,6/15/1958 15:00
Cheektowaga,,TEARDROP,NY,7/10/1958 9:00
New York City,,,NY,3/1/1959 23:00
New York City,,OVAL,NY,6/30/1959 20:00
Troy,,,NY,8/13/1959 21:00
Jewett,,LIGHT,NY,8/13/1959 22:30
New York City,,OTHER,NY,10/1/1959 16:00
Schenectady,,,NY,5/15/1960 0:00
Albertson,,,NY,6/30/1960 0:00
Belmont,,CIRCLE,NY,8/10/1960 1:00
Buffalo,,OVAL,NY,9/5/1960 21:00
Westbury,,DISK,NY,11/2/1960 18:00
New York City,,CROSS,NY,3/29/1961 0:00
no data,,TEARDROP,NY,6/1/1961 18:00
New York City,,DISK,NY,8/15/1961 19:00
Ossining,,,NY,6/25/1962 2:00
Bethpage,,TRIANGLE,NY,6/30/1962 18:00
Tannersville,,LIGHT,NY,7/10/1962 10:00
Rensselaer,,OTHER,NY,7/24/1962 12:00
New York City,,CIGAR,NY,12/21/1962 23:21
New York City,,OTHER,NY,5/15/1963 7:00
Newburgh,,OTHER,NY,6/15/1963 22:00
New York City,,OVAL,NY,7/1/1963 16:00
Hornell,,,NY,7/14/1963 21:30
Amsterdam,,DISK,NY,8/1/1963 2:00
Broadalbin,,LIGHT,NY,8/23/1963 22:00
New York City,,CIRCLE,NY,10/3/1963 21:00
New York City,,DISK,NY,6/5/1964 10:00
New York City,,DISK,NY,9/5/1964 21:00
Arcade,,DISK,NY,9/15/1964 20:00
Massapequa Park,,OVAL,NY,5/12/1965 21:00
Rochester,,SPHERE,NY,6/1/1965 21:00
West Corners,,OTHER,NY,6/15/1965 9:00
Brentwood,,,NY,6/30/1965 14:00
Blasdell,,OVAL,NY,6/30/1965 21:00
Otisville,,,NY,6/30/1965 22:00
Hains Falls,,LIGHT,NY,7/4/1965 20:00
Westbury,,EGG,NY,7/15/1965 15:00
Oneonta,,OVAL,NY,8/15/1965 20:45
New York City,,CYLINDER,NY,8/20/1965 20:30
New York City,,CYLINDER,NY,8/20/1965 20:30
New Rochelle,,SPHERE,NY,10/15/1965 15:00
Middletown,,SPHERE,NY,11/9/1965 18:00
Syosset,BLUE,DISK,NY,11/15/1965 16:30
New York City,RED,OVAL,NY,11/15/1965 21:00
Poughkeepsie,,TRIANGLE,NY,12/1/1965 17:00
Grand Island,,FIREBALL,NY,12/9/1965 0:00
Geneva,ORANGE,DISK,NY,4/14/1966 22:30
New Rochelle,,LIGHT,NY,6/1/1966 2:00
Pleasantville,,DISK,NY,6/1/1966 17:50
New York City,,CIRCLE,NY,6/30/1966 5:00
Cold Springs,,,NY,7/15/1966 22:00
Rochester,,OTHER,NY,8/15/1966 12:00
Amherst,,DISK,NY,8/15/1966 22:00
Rochester,,DISK,NY,8/30/1966 17:30
New York City,,SPHERE,NY,9/1/1966 22:00
Buffalo,,LIGHT,NY,10/1/1966 20:00
Utica,RED GREEN,TRIANGLE,NY,10/15/1966 20:00
Hempstead,,,NY,11/11/1966 20:00
Stony Point,,,NY,2/13/1967 22:19
Westbury,,FORMATION,NY,4/14/1967 22:30
Gibson,,OVAL,NY,4/22/1967 21:00
Gerry,,DISK,NY,6/1/1967 22:00
Glens Falls,,TEARDROP,NY,6/15/1967 14:00
Churchville,,DISK,NY,7/31/1967 18:15
Coxsackie,,CIRCLE,NY,8/1/1967 19:00
New York City,,DIAMOND,NY,8/1/1967 19:00
Davis Park,,TRIANGLE,NY,8/1/1967 21:30
Babylon,,CIRCLE,NY,8/8/1967 11:00
Sag Harbor,GREEN,SPHERE,NY,8/15/1967 21:30
Chaffee,,SPHERE,NY,10/1/1967 2:00
Syracuse,,DISK,NY,10/5/1967 4:00
on plane wing,,DISK,NY,1/31/1968 5:00
New York City,,DISK,NY,3/1/1968 15:00
Binghamton,,DISK,NY,6/1/1968 0:00
Upper Lisle,,TRIANGLE,NY,6/21/1968 20:30
Coxsackie,,CIRCLE,NY,8/1/1968 19:00
Athens,,RECTANGLE,NY,6/1/1969 22:00
Islip,,OTHER,NY,6/15/1969 6:00
Ronkonkoma,,,NY,6/21/1969 23:00
Bridgeport,,CIGAR,NY,7/14/1969 19:00
South Glens,,FLASH,NY,7/15/1969 0:00
Port Chester,,OTHER,NY,8/13/1969 0:30
Port Jefferson,,DISK,NY,8/15/1969 12:00
Fulton,,CIGAR,NY,10/29/1969 21:00
Fulton,,CIGAR,NY,10/30/1969 21:00
Fulton,,CIGAR,NY,10/30/1969 21:00
Fulton,ORANGE,CIRCLE,NY,10/31/1969 23:00
East Aurora,,EGG,NY,4/15/1970 21:30
New York City,,OTHER,NY,5/1/1970 0:00
New York City,,OTHER,NY,5/1/1970 0:00
New York City,,VARIOUS,NY,5/5/1970 19:00
Fulton,,CIRCLE,NY,6/1/1970 17:00
New York City,,DISK,NY,6/1/1970 19:30
Huntington,,,NY,6/10/1970 19:00
Yorktown Heights,,LIGHT,NY,6/15/1970 18:00
Poughkeepsie,,DISK,NY,6/25/1970 15:00
Bemus Point,,OTHER,NY,7/15/1970 2:00
Tyre,,OTHER,NY,7/15/1970 21:30
Levittown,,DISK,NY,7/20/1970 21:15
Newark,,OVAL,NY,7/20/1970 22:00
New York City,,SPHERE,NY,9/22/1970 23:00
New York City,,DISK,NY,10/1/1970 16:00
New York City,,DISK,NY,10/1/1970 21:00
Bellmore,,DISK,NY,10/10/1970 16:00
Lindenhurst,,SPHERE,NY,10/29/1970 19:50
Rochester,RED,,NY,11/1/1970 20:30
Corning,,DISK,NY,8/10/1971 22:00
Fallsburg,,CROSS,NY,8/11/1971 13:00
Buffalo,,TRIANGLE,NY,9/1/1971 15:00
Menands,,CHEVRON,NY,10/12/1971 22:00
Knox,,DISK,NY,11/17/1971 21:00
Millerton,BLUE,DISK,NY,6/10/1972 0:00
Broadelbin,,LIGHT,NY,6/11/1972 22:00
Millerton,,DISK,NY,6/22/1972 23:45
Buffalo,RED,DISK,NY,6/24/1972 23:00
Albany,,CIGAR,NY,6/25/1972 15:00
North Tarrytown,,DISK,NY,10/15/1972 16:00
Wellsville,,DISK,NY,10/25/1972 20:00
Schenectady,,CIRCLE,NY,6/1/1973 0:00
Perth,ORANGE,LIGHT,NY,7/1/1973 20:00
Rochester,,SPHERE,NY,7/15/1973 16:30
Brocton,,DISK,NY,8/15/1973 23:00
Baldwinsville,,,NY,9/15/1973 19:30
Chazy,,LIGHT,NY,10/15/1973 17:30
New York City,,,NY,10/20/1973 0:00
Huntington,ORANGE,,NY,11/1/1973 19:00
New York City,,DISK,NY,11/15/1973 0:00
Esopus,,OTHER,NY,5/15/1974 1:30
Howard Beach,,DISK,NY,5/15/1974 15:15
Garrison,,DISK,NY,6/1/1974 0:00
Albany,,TRIANGLE,NY,6/15/1974 13:00
New York,,DISK,NY,6/30/1974 18:30
Herkimer,,CIGAR,NY,6/30/1974 21:00
New York City,,CIRCLE,NY,6/30/1974 21:00
New Rochelle,,OVAL,NY,8/10/1974 1:00
New Rochelle,,OVAL,NY,8/10/1974 13:00
Niagara Falls,,TRIANGLE,NY,8/15/1974 20:00
Westerlo,,LIGHT,NY,9/15/1974 20:00
Jamestown,,SPHERE,NY,1/1/1975 3:00
Cairo,,TRIANGLE,NY,1/15/1975 16:00
Albany,,LIGHT,NY,1/17/1975 18:00
Rochester,,FLASH,NY,5/25/1975 23:00
Cold Spring,,OVAL,NY,6/1/1975 13:00
Kenmore,BLUE,DISK,NY,6/1/1975 20:30
Kenmore,,OVAL,NY,6/1/1975 20:30
Grand Island,,OVAL,NY,6/1/1975 21:30
Albany,,CIGAR,NY,6/10/1975 2:00
Albany,,LIGHT,NY,6/10/1975 22:00
Fulton,,DISK,NY,6/15/1975 13:00
Rocky Point,,LIGHT,NY,6/30/1975 0:00
Fair Haven,,SPHERE,NY,7/4/1975 10:00
Albion,BLUE,LIGHT,NY,7/20/1975 1:30
Albion,,CIGAR,NY,8/15/1975 20:00
Brewster,,CYLINDER,NY,8/20/1975 16:30
Nesconset,,DISK,NY,10/15/1975 18:00
Monroe,,DISK,NY,10/15/1975 19:00
Watkins Glen,,,NY,10/20/1975 3:15
Albany,,CIRCLE,NY,11/15/1975 20:00
Catskill,,FORMATION,NY,11/15/1975 20:00
Hudson,,,NY,11/20/1975 17:00
Yonkers,,LIGHT,NY,11/20/1975 20:00
Syracuse,,OVAL,NY,6/1/1976 8:30
Niagara Falls,,FLASH,NY,6/1/1976 20:00
Cossayuna,,,NY,6/1/1976 22:00
Smithtown,,DISK,NY,6/15/1976 20:00
Brentwood,,DISK,NY,6/15/1976 21:00
Long Beach,,DISK,NY,6/15/1976 21:00
Elmira Heights,,CIRCLE,NY,6/30/1976 21:15
Ausable Forks,,SPHERE,NY,7/4/1976 22:00
Hyde Park,,DISK,NY,7/15/1976 14:00
Warwick,,LIGHT,NY,7/26/1976 19:00
New York City,,DISK,NY,9/10/1976 22:00
Albany,,CIRCLE,NY,9/10/1976 23:00
Fairport,,DISK,NY,10/1/1976 19:00
Rochester,RED,,NY,10/15/1976 19:30
Great Neck,,CYLINDER,NY,1/1/1977 12:00
New York City,,SPHERE,NY,1/1/1977 19:30
Clearence Center,,OVAL,NY,4/15/1977 23:00
Mettacahonts,,CIRCLE,NY,5/23/1977 21:00
Watertown,,CIGAR,NY,5/29/1977 23:30
Accord,RED,TRIANGLE,NY,6/20/1977 20:30
Glen Head,,CIGAR,NY,7/2/1977 14:00
So. Farmingdale,BLUE,,NY,7/26/1977 14:00
So. Farmingdale,,CIRCLE,NY,7/26/1977 14:00
Keene Valley,BLUE,LIGHT,NY,9/1/1977 20:00
Brockport,,DISK,NY,11/4/1977 17:00
Newburgh,,DISK,NY,11/15/1977 1:00
Saint James,RED,SPHERE,NY,11/23/1977 16:15
Canandaigua,,TRIANGLE,NY,11/26/1977 14:00
Philadelphia,,OVAL,NY,12/24/1977 23:00
Geneseo,,,NY,2/20/1978 19:00
Chittenango,,FIREBALL,NY,4/6/1978 20:00
Levittown,,DISK,NY,6/15/1978 17:00
Albany,,FIREBALL,NY,6/21/1978 3:00
Elmsford,,DISK,NY,6/30/1978 16:00
New York City,,OVAL,NY,6/30/1978 21:00
Fort Drum,RED,LIGHT,NY,7/1/1978 8:45
Chester,,CHEVRON,NY,7/1/1978 14:00
Monsey,,TRIANGLE,NY,7/1/1978 22:00
New Rochelle,,OVAL,NY,7/1/1978 22:00
Centereach,RED,DISK,NY,7/16/1978 21:00
New York City,RED,TRIANGLE,NY,7/20/1978 2:00
Clifton Park,,OVAL,NY,8/1/1978 19:30
Ticonderoga,,TRIANGLE,NY,8/15/1978 21:00
Bluepoint,,DISK,NY,8/23/1978 19:00
Elmont,,RECTANGLE,NY,10/10/1978 2:00
West Seneca,,TRIANGLE,NY,10/20/1978 22:00
Troy,,LIGHT,NY,11/1/1978 20:00
Rockland County,,,NY,12/1/1978 1:00
Monterey,,RECTANGLE,NY,4/15/1979 8:00
Ithaca,,CIGAR,NY,6/1/1979 19:00
Farmington,,RECTANGLE,NY,6/1/1979 22:00
Huntington,,,NY,6/10/1979 19:00
Valley Cottage,,DISK,NY,6/20/1979 20:00
Bohemia,,LIGHT,NY,6/20/1979 23:30
Syracuse,,LIGHT,NY,7/4/1979 23:00
Honeoye Falls,,CIGAR,NY,7/14/1979 8:00
Niagara Falls,,LIGHT,NY,7/18/1979 21:00
Little Falls,,FIREBALL,NY,8/1/1979 21:00
New York City,,DISK,NY,9/1/1979 19:30
Commack,,OTHER,NY,9/1/1979 20:00
Monsey,,DISK,NY,9/26/1979 17:00
Buffalo,,LIGHT,NY,10/1/1979 21:00
Poughkeepsie,ORANGE,CHEVRON,NY,10/10/1979 0:00
Wassaic,,CIRCLE,NY,11/15/1979 22:30
Canton,,LIGHT,NY,2/17/1980 19:10
Yonkers,,TRIANGLE,NY,5/15/1980 17:40
Hamburg,,SPHERE,NY,6/1/1980 19:00
Town of Preble,,LIGHT,NY,7/10/1980 15:00
Hamburg,,TRIANGLE,NY,7/14/1980 23:00
Buffalo,,OVAL,NY,7/15/1980 8:30
Henrietta,,OTHER,NY,7/30/1980 20:30
Edwards,,CHEVRON,NY,8/20/1980 1:00
Brewerton,,VARIOUS,NY,9/8/1980 6:00
Samsonville,,DISK,NY,9/20/1980 22:00
Sharon Springs,,CIRCLE,NY,6/30/1981 19:00
Stony Brook University,,DISK,NY,7/15/1981 2:30
Mayfield,,CIGAR,NY,7/18/1981 22:00
Saratoga,RED,OVAL,NY,8/23/1981 3:30
Port Jervis,RED,TRIANGLE,NY,9/1/1981 20:00
Siamese Ponds Wilderness,,DISK,NY,4/1/1982 4:00
Tully,,TRIANGLE,NY,6/1/1982 12:00
Peekskill,,CHEVRON,NY,6/1/1982 22:00
New York City,,CIGAR,NY,6/15/1982 19:00
Harpursville,,TRIANGLE,NY,6/20/1982 22:00
New York City,,DISK,NY,7/1/1982 20:00
Chittenango,ORANGE,TRIANGLE,NY,7/15/1982 21:00
Rome,,CIGAR,NY,8/5/1982 20:30
Liverpool,,TRIANGLE,NY,8/18/1982 21:00
Mount Kisco,RED BLUE,SPHERE,NY,9/9/1982 16:10
North Hudson,,DISK,NY,10/15/1982 20:00
Huntington,,,NY,12/10/1982 23:00
New Rochelle,,DISK,NY,4/1/1983 17:14
Katonah,,SPHERE,NY,4/15/1983 12:00
Roslyn,,DISK,NY,5/15/1983 0:00
Shokan,,LIGHT,NY,6/15/1983 2:00
New York City,,FIREBALL,NY,7/10/1983 20:00
Poughkeepsie,,OTHER,NY,7/15/1983 21:15
Mt. Kisco,,TRIANGLE,NY,8/1/1983 21:00
Plattekill,,DISK,NY,8/15/1983 0:30
Katonah,,TRIANGLE,NY,8/15/1983 21:00
Bedford Hills,,CHEVRON,NY,8/15/1983 21:05
Kingston,,TRIANGLE,NY,11/1/1983 21:00
Newburgh,,CIRCLE,NY,3/24/1984 8:00
Mettacahonts,,FORMATION,NY,3/27/1984 20:00
Rosendale,,CIRCLE,NY,3/27/1984 23:00
Auburn,,TRIANGLE,NY,4/23/1984 5:30
Greenburg,,,NY,6/15/1984 21:30
New York City,,TRIANGLE,NY,7/1/1984 21:30
Peekskill,,TRIANGLE,NY,7/1/1984 22:00
Millwood,,TRIANGLE,NY,7/19/1984 18:00
Ossining,,OTHER,NY,7/19/1984 18:00
Brewster,RED,OVAL,NY,7/24/1984 22:00
Croton-on-Hudson,,SPHERE,NY,8/15/1984 21:00
South Glens Falls,,CIGAR,NY,8/15/1984 21:00
Brewster,,CHEVRON,NY,8/15/1984 23:00
Elwood,,CHEVRON,NY,9/16/1984 15:00
New York City,,TEARDROP,NY,9/20/1984 21:00
White Plains,,FORMATION,NY,10/10/1984 22:00
New York City,,VARIOUS,NY,4/1/1985 15:00
Stone Ridge,,OTHER,NY,4/4/1985 20:00
Middletown,GREEN,RECTANGLE,NY,5/30/1985 0:00
North Tonawanda,,CHEVRON,NY,6/1/1985 22:00
Route 7,,RECTANGLE,NY,6/15/1985 2:30
New York City,,OVAL,NY,6/15/1985 23:00
White Plains,,CHEVRON,NY,6/30/1985 20:00
Great Neck,,RECTANGLE,NY,7/1/1985 22:00
Peekskill,ORANGE,TRIANGLE,NY,7/5/1985 21:00
North Tonawanda,,DISK,NY,8/12/1985 0:42
Friendship,,RECTANGLE,NY,8/20/1985 22:00
Mechanics Town,,DISK,NY,8/24/1985 0:00
Rockland,,DISK,NY,9/1/1985 9:00
Wappingers Falls,,FORMATION,NY,9/1/1985 21:00
Annandale,,OVAL,NY,9/15/1985 21:15
New York City,,SPHERE,NY,10/22/1985 20:00
New York City,,DISK,NY,10/31/1985 20:30
Patterson,,CIGAR,NY,11/2/1985 1:00
Walden,,OVAL,NY,12/3/1985 18:15
Lido Beach,,CIRCLE,NY,1/16/1986 9:10
New York City,,CHEVRON,NY,5/15/1986 17:40
New York City,,TRIANGLE,NY,6/1/1986 19:00
New Rochelle,RED,TRIANGLE,NY,6/14/1986 20:00
Bayside,,DIAMOND,NY,7/5/1986 21:00
New York City,,SPHERE,NY,9/15/1986 3:00
Wingdale,,OTHER,NY,9/15/1986 22:30
Holmes,,CHEVRON,NY,10/10/1986 20:00
East Meadow,,VARIOUS,NY,1/30/1987 13:00
Medford,,FORMATION,NY,3/10/1987 20:00
New York City,,CHEVRON,NY,3/17/1987 21:00
New York City,,TRIANGLE,NY,4/10/1987 13:00
Selden,,OTHER,NY,5/10/1987 23:30
Wales,,LIGHT,NY,5/10/1987 23:30
Schenectady,,CHEVRON,NY,5/28/1987 19:00
New York City,RED,CIGAR,NY,6/1/1987 15:00
Syracuse,RED GREEN,OVAL,NY,6/1/1987 19:00
Putnam Valley,,FORMATION,NY,6/1/1987 21:00
New York City,,OVAL,NY,7/21/1987 23:00
Hastings On Hudson,,TRIANGLE,NY,8/20/1987 20:00
Hewlett,,DISK,NY,9/1/1987 20:00
Liverpool,,CIGAR,NY,9/15/1987 7:30
Wappingers Falls,,,NY,10/1/1987 23:00
Yonkers,,RECTANGLE,NY,10/15/1987 21:00
Eastchester,,TRIANGLE,NY,10/15/1987 22:00
New York City,,OVAL,NY,3/17/1988 19:30
Ossining,,EGG,NY,3/17/1988 20:00
Pleasantville,,EGG,NY,3/17/1988 22:00
Lackawanna,,,NY,6/1/1988 23:00
Owego,RED,DISK,NY,6/10/1988 2:00
Rome,,SPHERE,NY,7/5/1988 0:30
Holbrook,,CIRCLE,NY,8/1/1988 23:00
Jamesville,BLUE,LIGHT,NY,8/10/1988 16:08
Walker Valle,,,NY,8/15/1988 14:00
Buchanan,,CIRCLE,NY,8/15/1988 23:00
New York City,,SPHERE,NY,8/20/1988 22:00
New York City,,CIRCLE,NY,9/20/1988 18:00
Fishkill,,FORMATION,NY,10/2/1988 22:30
Holmes,,FORMATION,NY,10/21/1988 21:00
New York City,,SPHERE,NY,10/22/1988 20:30
Dexter,,DISK,NY,11/15/1988 5:30
Dexter,,DISK,NY,11/15/1988 5:30
Dexter,,DISK,NY,11/15/1988 5:30
Poughkeepsie,,CHEVRON,NY,3/1/1989 20:00
New York City,,OTHER,NY,4/19/1989 20:00
Barneveld,,TRIANGLE,NY,5/15/1989 21:30
Rhinebeck,,CHEVRON,NY,6/1/1989 16:00
Groveland,,LIGHT,NY,6/1/1989 19:00
New York City,,,NY,6/1/1989 23:00
Ellenville,,OTHER,NY,6/30/1989 21:00
Berkshire,,CHEVRON,NY,7/1/1989 21:30
Stony Point,,TRIANGLE,NY,7/1/1989 22:00
Chappaqua,,CYLINDER,NY,8/8/1989 20:00
Grahamsville,,RECTANGLE,NY,8/22/1989 22:15
Kent Cliffs,RED,DISK,NY,9/10/1989 23:00
Rocky Point,,,NY,9/15/1989 2:00
Peekskill,,,NY,9/15/1989 22:30
Mt. Morris,,RECTANGLE,NY,9/15/1989 23:35
Pawling,,OVAL,NY,10/1/1989 20:00
Harrison,,OTHER,NY,10/7/1989 23:00
Dexter,,DISK,NY,11/15/1989 5:30
Cicero,,LIGHT,NY,12/22/1989 3:00
Plattsburg,YELLOW,LIGHT,NY,2/9/1990 2:30
Thornwood,,LIGHT,NY,4/15/1990 22:00
West Point,,TRIANGLE,NY,5/15/1990 20:00
South Fallsburg,,CIRCLE,NY,5/25/1990 10:00
Levitown,RED,DIAMOND,NY,6/1/1990 2:30
Cannon,RED,CHEVRON,NY,6/1/1990 21:00
Salem,,EGG,NY,6/23/1990 22:25
Carlisle,,FIREBALL,NY,6/30/1990 21:00
Lindenhurst,,TRIANGLE,NY,7/1/1990 5:30
Sponk,,,NY,8/15/1990 2:30
Campbell Hall,RED,TRIANGLE,NY,9/15/1990 21:00
Jamestown,,LIGHT,NY,10/1/1990 22:15
Endwell,,FORMATION,NY,10/15/1990 0:15
Scarsdale,,OTHER,NY,1/20/1991 3:00
Mahopac,,LIGHT,NY,4/1/1991 19:00
New York City,,CIRCLE,NY,5/1/1991 1:00
Massapequa,,OTHER,NY,5/1/1991 20:00
Whitestone,,DISK,NY,6/1/1991 13:00
Central Islip,,TRIANGLE,NY,6/1/1991 16:00
Canton,BLUE,LIGHT,NY,6/1/1991 23:30
Levittown,,CIRCLE,NY,6/10/1991 23:35
New York City,,OTHER,NY,6/23/1991 22:00
Newburgh,,DIAMOND,NY,6/30/1991 22:00
Cuba,,TRIANGLE,NY,7/1/1991 1:00
Mount Vernon,BLUE,DISK,NY,7/1/1991 14:00
Derby,,TRIANGLE,NY,7/9/1991 1:00
Selden,,LIGHT,NY,8/10/1991 20:30
New York City,,EGG,NY,8/24/1991 22:00
Canandaigua,,SPHERE,NY,8/28/1991 0:30
Groton,,TRIANGLE,NY,9/5/1991 22:00
New York City,GREEN BLUE,FIREBALL,NY,3/5/1992 0:00
Wantagh,,RECTANGLE,NY,4/1/1992 13:00
Hamburg,,DISK,NY,4/24/1992 4:30
New York City,,CIGAR,NY,6/1/1992 8:15
New York City,,LIGHT,NY,6/5/1992 13:00
Scarsdale,,,NY,6/15/1992 2:00
Conesus,,,NY,6/21/1992 21:00
Cortlandt Manor,,CIRCLE,NY,6/30/1992 0:00
Willsboro,,FIREBALL,NY,7/1/1992 1:00
New York City,,OVAL,NY,8/1/1992 0:00
Wilmington,,TRIANGLE,NY,8/5/1992 23:00
New York City,,TEARDROP,NY,9/12/1992 22:15
New York City,,DISK,NY,10/19/1992 14:00
New York City,,FORMATION,NY,11/18/1992 19:00
Yaphank,,FIREBALL,NY,11/24/1992 0:00
Yaphank,,OTHER,NY,11/24/1992 0:00
Huntington,,TRIANGLE,NY,1/1/1993 20:00
Ithaca,,OTHER,NY,1/10/1993 0:30
Ridge,,,NY,1/14/1993 4:00
Oliverea,,LIGHT,NY,1/20/1993 21:00
New York City,,LIGHT,NY,2/26/1993 5:00
Buffalo,,RECTANGLE,NY,5/24/1993 14:30
Wolcott,,,NY,6/1/1993 0:00
Newburgh,,DISK,NY,6/1/1993 17:00
Stony Brook,,CIRCLE,NY,6/15/1993 12:00
Rochester,,VARIOUS,NY,6/30/1993 10:00
no data,,TRIANGLE,NY,6/30/1993 18:00
New York City,,OTHER,NY,6/30/1993 20:00
New York City,,OTHER,NY,7/4/1993 3:00
Niagara Falls,,FORMATION,NY,7/12/1993 23:30
Frankfort,,DISK,NY,8/10/1993 21:00
Schuylerville,,SPHERE,NY,8/12/1993 22:00
Lackawanna,,TRIANGLE,NY,9/1/1993 21:00
Manchester,,DISK,NY,9/15/1993 3:00
Wanakah,,TRIANGLE,NY,10/27/1993 21:38
Bedford--Mt. Kisco,RED,TRIANGLE,NY,10/29/1993 21:30
Eden,RED BLUE,CIRCLE,NY,10/30/1993 23:00
Poughkeepsie,,,NY,12/5/1993 1:00
Canandaigua,RED,RECTANGLE,NY,2/27/1994 0:15
Albany,,RECTANGLE,NY,3/3/1994 0:00
Cortlandt Manor,RED GREEN,DISK,NY,4/1/1994 22:00
Oswego,RED,TRIANGLE,NY,4/25/1994 22:00
Phoenix,,,NY,5/5/1994 2:00
New York City,,CIRCLE,NY,5/11/1994 22:00
New York City,ORANGE,TRIANGLE,NY,6/30/1994 1:00
Copake,,LIGHT,NY,7/1/1994 1:00
New York City,,DISK,NY,7/11/1994 17:10
Corning,,TRIANGLE,NY,7/23/1994 1:00
New York City,,OVAL,NY,8/7/1994 22:00
New York City,,EGG,NY,8/25/1994 11:45
New York City,,EGG,NY,8/25/1994 12:00
New York City,,LIGHT,NY,9/1/1994 2:00
Wurtsboro,,CIRCLE,NY,9/14/1994 23:30
Kingston,,TRIANGLE,NY,9/15/1994 20:00
New York City,,DISK,NY,10/1/1994 13:13
Burnt Hills,,RECTANGLE,NY,10/10/1994 18:30
Schenectady,,OTHER,NY,10/12/1994 11:55
Stone Ridge,,OVAL,NY,10/15/1994 13:00
Ithaca,RED GREEN,LIGHT,NY,10/15/1994 18:00
Berkshire,,TRIANGLE,NY,10/17/1994 21:30
Stone Ridge,,TRIANGLE,NY,10/20/1994 20:30
Stone Ridge,,LIGHT,NY,10/20/1994 22:00
Coram,,OTHER,NY,11/15/1994 23:25
Sloatsburg,,,NY,12/23/1994 21:00
Oppenhium,,OVAL,NY,12/29/1994 23:10
Southampton,,LIGHT,NY,1/1/1995 23:00
Marion,,,NY,1/9/1995 3:30
Elbridge,,OTHER,NY,1/30/1995 6:35
Fair Oaks,,,NY,2/15/1995 4:40
Geneva,,LIGHT,NY,3/7/1995 15:00
Binghamton,,,NY,4/19/1995 21:44
Killawog,RED YELLOW,LIGHT,NY,5/1/1995 18:00
Amsterdam,,,NY,5/3/1995 4:05
Alden,,LIGHT,NY,5/3/1995 22:30
Huntington,,,NY,5/6/1995 14:00
Silver Beach,,,NY,5/14/1995 20:37
Claverack,,TRIANGLE,NY,5/15/1995 18:00
Killawog,,LIGHT,NY,5/15/1995 18:30
Rochester,,FLASH,NY,5/17/1995 21:05
Wilton,,LIGHT,NY,6/1/1995 2:00
Syracuse,,FORMATION,NY,6/3/1995 13:00
Albany,,OTHER,NY,6/6/1995 21:00
New York,BLUE,TRIANGLE,NY,6/10/1995 23:00
Croton Falls,,OVAL,NY,6/18/1995 0:35
Farmingdale,,,NY,6/24/1995 22:30
Endicott,,,NY,6/27/1995 21:30
Northport,,LIGHT,NY,6/30/1995 10:00
New York City,,CIRCLE,NY,7/1/1995 0:00
Pendleton,,OTHER,NY,7/2/1995 13:30
Buffalo,,DISK,NY,7/27/1995 3:00
Rochester,RED GREEN,,NY,7/27/1995 23:20
Appalachian,,LIGHT,NY,8/15/1995 1:00
Cheektowaga,,,NY,8/25/1995 0:30
Monticello,,,NY,8/25/1995 0:40
Monticello,,CIRCLE,NY,8/25/1995 0:40
Olean,,TRIANGLE,NY,8/25/1995 9:15
New York City,,,NY,9/2/1995 23:00
Orangeburg,,,NY,9/12/1995 23:50
Buffalo,,OTHER,NY,9/14/1995 21:45
New York City,,,NY,9/15/1995 22:00
New York City,,,NY,9/15/1995 22:05
Wantagh,,TRIANGLE,NY,10/1/1995 22:00
New York City,RED,,NY,10/11/1995 18:30
New York City,,LIGHT,NY,10/13/1995 6:30
Rochester,,DISK,NY,10/21/1995 22:00
Utica,,DISK,NY,10/21/1995 22:20
Albany,,,NY,11/3/1995 0:00
Merrick,,CHEVRON,NY,11/17/1995 21:00
Moriches,,OTHER,NY,11/17/1995 22:05
Sector 18,GREEN,,NY,11/17/1995 22:20
Geneva,,,NY,12/4/1995 22:16
Glen,,,NY,12/12/1995 22:30
New York City,,TRIANGLE,NY,12/18/1995 20:00
Indian Falls,,,NY,12/28/1995 4:35
Ithaca,,,NY,2/16/1996 21:45
Byron,,FORMATION,NY,3/1/1996 19:00
Appalachin,,DISK,NY,3/20/1996 19:00
Medford,,,NY,3/24/1996 19:25
Purchase,,TRIANGLE,NY,4/1/1996 23:00
Rochester,,TRIANGLE,NY,5/1/1996 1:00
New York City,,FIREBALL,NY,5/5/1996 20:00
New York City,,LIGHT,NY,5/6/1996 20:00
New York City,,LIGHT,NY,5/6/1996 20:00
Rochester,ORANGE YELLOW,,NY,5/13/1996 22:45
Long Island,,CIRCLE,NY,6/1/1996 13:00
Dundee,,CROSS,NY,6/15/1996 19:00
Lake George,,LIGHT,NY,7/1/1996 3:00
Goshen,,LIGHT,NY,7/4/1996 21:30
East Setauket,,OTHER,NY,7/31/1996 21:00
Canandaigua,RED,TRIANGLE,NY,8/1/1996 20:30
Cheektowaga,,DISK,NY,8/12/1996 13:00
Centerport,,CROSS,NY,8/15/1996 21:30
Plattsburg,RED,TRIANGLE,NY,8/15/1996 23:30
Madrid,RED,OTHER,NY,9/15/1996 22:00
New York City,,OVAL,NY,10/1/1996 8:00
New York City,,TRIANGLE,NY,10/6/1996 15:00
Fire Island,,OTHER,NY,10/6/1996 22:00
Bandy,,,NY,11/16/1996 22:00
New York City,,,NY,11/16/1996 23:10
Odessa,,,NY,11/16/1996 23:10
Watkins Glen,GREEN,,NY,11/16/1996 23:20
Big Flats,,,NY,11/17/1996 4:30
Eden,,LIGHT,NY,1/8/1997 19:00
Long Beach,,EGG,NY,1/15/1997 17:30
Randolph,,CIRCLE,NY,2/16/1997 3:00
New York City,,LIGHT,NY,3/10/1997 19:30
New York City,,OVAL,NY,3/14/1997 23:59
Unadilla,,LIGHT,NY,3/22/1997 21:30
Cobleskill,ORANGE,LIGHT,NY,3/30/1997 0:45
Hastings On Hudson,,TRIANGLE,NY,4/7/1997 21:07
New York City,,OTHER,NY,4/25/1997 0:00
Syracuse,,,NY,5/1/1997 23:00
Great River,,OVAL,NY,5/15/1997 21:00
North Tonawanda,YELLOW,TRIANGLE,NY,5/24/1997 22:15
Syracuse,,TRIANGLE,NY,5/25/1997 22:00
Central New York,,LIGHT,NY,5/28/1997 22:00
Canastota,,LIGHT,NY,5/28/1997 23:12
Hinckley,,LIGHT,NY,5/29/1997 19:00
Mt. Vernon,,LIGHT,NY,6/1/1997 8:00
Albany,,OTHER,NY,6/1/1997 21:00
White Plains,,OTHER,NY,6/4/1997 21:20
New York City,,DISK,NY,6/5/1997 16:00
New York,,OTHER,NY,6/10/1997 12:00
Rochester,GREEN,TRIANGLE,NY,6/10/1997 21:00
Middletown,,,NY,6/15/1997 2:30
Medford,,SPHERE,NY,6/15/1997 21:00
Holland Patent,BLUE,CIRCLE,NY,6/20/1997 21:00
Ticonderoga,BLUE,TRIANGLE,NY,6/21/1997 11:28
North Babylon,,TRIANGLE,NY,6/27/1997 20:00
New York City,,SPHERE,NY,7/1/1997 18:00
Kingston,,DISK,NY,7/1/1997 21:00
Allegany,,SPHERE,NY,7/15/1997 11:00
Deer Field,RED,CIRCLE,NY,7/15/1997 21:00
Bridgehampton,,TRIANGLE,NY,7/20/1997 20:00
Buffalo,,VARIOUS,NY,7/20/1997 22:00
New York City,,OTHER,NY,8/7/1997 17:07
East Rochester,,SPHERE,NY,8/8/1997 18:00
West Islip,,OTHER,NY,8/8/1997 22:00
Buffalo,,SPHERE,NY,8/15/1997 20:15
Kings Park,GREEN,OTHER,NY,8/22/1997 10:50
Rhinebeck,,TRIANGLE,NY,9/23/1997 20:00
Brewster,,TRIANGLE,NY,9/23/1997 22:30
Jefferson,,OTHER,NY,10/1/1997 3:00
Utica,RED,LIGHT,NY,10/5/1997 20:30
Buffalo,,OTHER,NY,10/13/1997 3:00
Syracuse,,,NY,10/14/1997 16:00
New York City,,CYLINDER,NY,10/15/1997 15:00
New York City,,LIGHT,NY,11/1/1997 22:00
Sodus,,CIGAR,NY,11/12/1997 0:03
Lockport,,SPHERE,NY,11/15/1997 4:00
Varysburg,,TRIANGLE,NY,11/15/1997 21:30
Oswego,,OTHER,NY,11/18/1997 14:36
Rock Hill,,TRIANGLE,NY,11/20/1997 18:00
Fort Ann,,OTHER,NY,12/10/1997 20:00
Coxsacke,,LIGHT,NY,1/1/1998 20:30
Hudson,,TRIANGLE,NY,1/5/1998 20:00
New York City,,DIAMOND,NY,1/7/1998 23:30
New York City,,FORMATION,NY,1/15/1998 1:00
Shirley,,DISK,NY,1/31/1998 20:00
Callicoon,,OVAL,NY,2/10/1998 21:00
Burdett,,OTHER,NY,2/11/1998 22:15
Ontario,ORANGE,DISK,NY,2/26/1998 19:09
Windham,,FORMATION,NY,3/1/1998 19:00
Northport,,LIGHT,NY,3/11/1998 20:10
Harriman State Park,,LIGHT,NY,3/20/1998 0:00
Westhampton,,,NY,3/26/1998 21:30
Clifton Park,,OTHER,NY,3/27/1998 23:00
Binghamton,,OTHER,NY,4/13/1998 7:00
Oneonta,,LIGHT,NY,4/23/1998 4:01
New York City,,TRIANGLE,NY,5/1/1998 18:30
New York City,,TRIANGLE,NY,5/8/1998 19:15
Rose,,TRIANGLE,NY,5/15/1998 0:00
New York City,GREEN,OVAL,NY,5/15/1998 20:00
Elmira,,TRIANGLE,NY,5/29/1998 23:30
New Rochelle,,LIGHT,NY,6/1/1998 20:00
Elba,,LIGHT,NY,6/6/1998 22:00
Watertown,,CIRCLE,NY,6/7/1998 23:00
Lancaster,,CIRCLE,NY,6/15/1998 14:00
Rochester,,CHEVRON,NY,6/20/1998 22:30
Penfield,,CIRCLE,NY,6/27/1998 22:40
Albany,,RECTANGLE,NY,7/8/1998 7:30
New York City,,DISK,NY,7/9/1998 21:30
New Rochelle,,CIGAR,NY,7/10/1998 15:00
Angola,,FORMATION,NY,7/12/1998 22:00
New York City,,OTHER,NY,7/15/1998 14:00
Pine Bush,,SPHERE,NY,7/16/1998 22:00
Hicksville,,EGG,NY,7/19/1998 11:30
Rochester,,OTHER,NY,7/21/1998 12:00
Ballston Spa,GREEN BLUE,OVAL,NY,7/26/1998 21:30
Southampton,,VARIOUS,NY,7/27/1998 3:00
Castle Creek,,CIRCLE,NY,7/27/1998 21:13
Binghamton,RED,SPHERE,NY,8/1/1998 0:00
Olean,ORANGE,LIGHT,NY,8/1/1998 22:30
Plainview,BLUE,LIGHT,NY,8/13/1998 19:45
New York City,,LIGHT,NY,8/15/1998 23:30
Darien,,TRIANGLE,NY,8/17/1998 22:30
West Islip,,OTHER,NY,8/28/1998 19:00
New York City,,OVAL,NY,9/1/1998 1:00
Freeport,BLUE,SPHERE,NY,9/3/1998 23:38
Hartsdale,,TRIANGLE,NY,9/4/1998 22:03
Niagara Falls,GREEN,FLASH,NY,9/14/1998 0:00
Grand Island,,SPHERE,NY,9/14/1998 21:30
Jamestown,,EGG,NY,9/15/1998 12:00
Varysburg,RED,SPHERE,NY,9/15/1998 18:00
New York City,,TRIANGLE,NY,9/15/1998 18:30
Schenectady,GREEN,SPHERE,NY,9/23/1998 4:50
Rochester,,SPHERE,NY,9/23/1998 23:20
New York City,RED,FIREBALL,NY,9/24/1998 22:30
Fire Island Pines,,CYLINDER,NY,9/25/1998 12:15
Mt. Vernon,,OVAL,NY,9/26/1998 9:30
Rochester,ORANGE,FIREBALL,NY,9/29/1998 20:15
Belmont,,CIRCLE,NY,10/4/1998 23:00
NYC,,TRIANGLE,NY,10/10/1998 20:30
Corfu,,TRIANGLE,NY,10/26/1998 18:05
Maybrook,,,NY,11/13/1998 1:30
New York City,,CIRCLE,NY,11/19/1998 3:00
Albany,,OVAL,NY,12/3/1998 18:15
Albany,,LIGHT,NY,12/3/1998 18:30
Manchester,,FIREBALL,NY,12/10/1998 3:19
Saratoga Springs,,SPHERE,NY,12/15/1998 17:00
Saratoga Lake,,VARIOUS,NY,12/15/1998 17:40
Utica,,LIGHT,NY,12/18/1998 19:27
Silver Springs,ORANGE,SPHERE,NY,12/28/1998 23:50
Burnt Hills,ORANGE,LIGHT,NY,12/31/1998 23:30
Stillwater,,VARIOUS,NY,1/4/1999 21:50
Olean,,FIREBALL,NY,1/15/1999 22:30
Sherburne,,OVAL,NY,1/23/1999 20:00
New York City,,OTHER,NY,2/2/1999 10:00
New York City,,LIGHT,NY,2/21/1999 1:30
New York City,,LIGHT,NY,2/22/1999 19:00
Congers,,OTHER,NY,2/24/1999 0:00
Elmira Heights,,RECTANGLE,NY,2/24/1999 22:30
Johnson City,GREEN,FIREBALL,NY,2/25/1999 10:40
Binghamton,ORANGE,FORMATION,NY,2/28/1999 21:02
New York City,,RECTANGLE,NY,3/13/1999 19:35
New York City,,CIRCLE,NY,3/15/1999 22:10
Moira,RED,LIGHT,NY,3/17/1999 19:30
Horseheads,,CHEVRON,NY,3/20/1999 20:15
Rome,RED,,NY,3/21/1999 0:55
Warrensburg,,RECTANGLE,NY,4/1/1999 20:00
New York City,,OTHER,NY,4/1/1999 23:00
Manhasset,,TRIANGLE,NY,4/8/1999 20:45
Saratoga Lake,,OVAL,NY,4/10/1999 21:50
New York City,GREEN,LIGHT,NY,4/14/1999 20:15
Plattsburgh,,LIGHT,NY,4/20/1999 21:45
Findley Lake,,CIRCLE,NY,4/30/1999 14:45
Northport,,,NY,5/1/1999 21:00
Cherry Grove,,VARIOUS,NY,5/7/1999 0:30
Spencer,,LIGHT,NY,5/10/1999 21:00
Forest Hills,,TRIANGLE,NY,5/10/1999 22:15
Potsdam,,SPHERE,NY,5/12/1999 20:55
Douglason,YELLOW,LIGHT,NY,5/12/1999 22:00
Central Islip,,OVAL,NY,5/16/1999 0:30
Vestal,,CYLINDER,NY,5/30/1999 20:20
Rochester,GREEN,OTHER,NY,6/8/1999 11:10
Sleepy Hollow,,CIRCLE,NY,6/10/1999 22:21
Wallkill,,TRIANGLE,NY,6/11/1999 22:40
Ontario,,,NY,6/14/1999 1:00
Great River,,DISK,NY,6/15/1999 20:00
New York City,,DISK,NY,6/18/1999 17:15
Vestal,,CYLINDER,NY,6/18/1999 20:17
Orchard Park,,DISK,NY,6/23/1999 4:21
Dannemora,ORANGE,,NY,7/1/1999 19:00
Charalton,,LIGHT,NY,7/1/1999 23:00
Lackawanna,RED,DIAMOND,NY,7/4/1999 21:30
Lackawanna,RED,OTHER,NY,7/4/1999 21:30
New York City,,LIGHT,NY,7/11/1999 4:30
Chautaqua Road,,EGG,NY,7/12/1999 23:17
New Rochelle,,CIRCLE,NY,7/13/1999 19:30
Deer Park,,DISK,NY,7/14/1999 23:00
Ontario,,SPHERE,NY,7/15/1999 3:30
Malta,,LIGHT,NY,7/18/1999 1:00
Pound Ridge,,SPHERE,NY,7/18/1999 22:30
Modena,,CIGAR,NY,7/23/1999 22:30
Vestal,,LIGHT,NY,7/26/1999 21:30
Dolgeville,,TRIANGLE,NY,7/28/1999 23:30
Cleveland,,CIGAR,NY,8/1/1999 15:00
Utica,,OVAL,NY,8/2/1999 18:15
New York City,,TRIANGLE,NY,8/7/1999 17:00
New York City,,OVAL,NY,8/8/1999 13:00
Bloominggrove,,,NY,8/12/1999 22:30
East Northport,ORANGE,FIREBALL,NY,8/15/1999 22:55
Montauk,,CIRCLE,NY,8/15/1999 23:00
Syracuse,,OTHER,NY,8/22/1999 6:00
Newburgh,,TRIANGLE,NY,8/27/1999 19:00
New York City,,SPHERE,NY,8/28/1999 11:45
New York City,,CIRCLE,NY,8/28/1999 22:00
Raquette Lake,,LIGHT,NY,8/30/1999 22:30
"Raquette Lake, adirondack mts.",,LIGHT,NY,8/30/1999 22:30
Hunter,,TRIANGLE,NY,8/31/1999 23:00
Willsboro,,CIRCLE,NY,9/1/1999 0:00
New York City,,TRIANGLE,NY,9/4/1999 20:00
Hudson River,RED,CIRCLE,NY,9/5/1999 4:20
Fort Edward,,TRIANGLE,NY,9/11/1999 21:30
Center Moriches,,LIGHT,NY,9/14/1999 20:00
New York City,,,NY,9/18/1999 1:00
New York,,LIGHT,NY,9/24/1999 19:30
Duanesburg,,LIGHT,NY,9/25/1999 22:00
New York City,,,NY,10/1/1999 17:00
Endicott,,FORMATION,NY,10/1/1999 21:30
Lewiston,,OTHER,NY,10/2/1999 12:00
Portville,,OVAL,NY,10/11/1999 20:15
Portville,,OVAL,NY,10/11/1999 20:15
Portville,YELLOW,OVAL,NY,10/11/1999 20:15
Portville,YELLOW BLUE,OVAL,NY,10/11/1999 20:15
Yonkers,,LIGHT,NY,10/14/1999 14:00
Old Westbury,,DISK,NY,10/15/1999 12:30
Buffalo,ORANGE,TRIANGLE,NY,10/15/1999 23:00
Moravia,RED,FLASH,NY,10/26/1999 19:10
Nassau,,TRIANGLE,NY,10/31/1999 18:45
New York City,,CIGAR,NY,11/1/1999 16:40
Hauppauge,,DISK,NY,11/5/1999 3:10
New York City,,LIGHT,NY,11/8/1999 6:32
Valatie,,TRIANGLE,NY,11/10/1999 20:00
Albany,ORANGE,FIREBALL,NY,11/16/1999 16:00
New York,,VARIOUS,NY,11/16/1999 18:55
Hilton,,FORMATION,NY,11/16/1999 19:00
New York City,,VARIOUS,NY,11/16/1999 19:03
Andes,,CYLINDER,NY,11/19/1999 22:00
Wappingers Falls,,LIGHT,NY,11/25/1999 21:00
Liberty,,CIRCLE,NY,11/27/1999 21:23
Purchase,,CIRCLE,NY,11/27/1999 21:30
Rochester,,,NY,12/3/1999 2:15
New York City,,LIGHT,NY,12/4/1999 11:00
North Syracuse,,LIGHT,NY,12/15/1999 0:00
Rock Hill,,LIGHT,NY,12/16/1999 20:00
Plainview,,TRIANGLE,NY,12/16/1999 21:30
New York City,,,NY,12/22/1999 19:00
Poughkeepsie,,CHEVRON,NY,12/25/1999 19:30
Jamaica Estates,BLUE,LIGHT,NY,12/26/1999 20:25
Jamaica Estates,BLUE,LIGHT,NY,12/26/1999 20:25
Gansevoort,YELLOW GREEN,SPHERE,NY,12/30/1999 19:30
New York City,,SPHERE,NY,1/1/2000 0:01
New York City,,OTHER,NY,2/1/2000 20:30
Long Island,RED GREEN,TRIANGLE,NY,2/2/2000 10:00
Glenwood Landing,,VARIOUS,NY,2/2/2000 17:00
Deer Park,,LIGHT,NY,2/9/2000 19:10
Buffalo,,CIRCLE,NY,2/12/2000 17:00
New York City,,OVAL,NY,2/14/2000 21:48
Flushing,,EGG,NY,2/15/2000 1:38
Tonawanda,,EGG,NY,2/26/2000 6:29
New York City,RED,DISK,NY,2/26/2000 10:00
Coram,,LIGHT,NY,3/1/2000 4:45
Pearl River,,OVAL,NY,3/2/2000 23:42
Elmira,,DISK,NY,3/9/2000 21:20
Falconer,,TRIANGLE,NY,3/12/2000 19:35
New York City,,,NY,3/14/2000 4:50
Pine Bush,,OTHER,NY,3/15/2000 8:30
Utica,,DISK,NY,3/15/2000 14:00
Syracuse,BLUE,LIGHT,NY,3/24/2000 3:15
Woodbury,,,NY,3/24/2000 20:27
Angelica,,FIREBALL,NY,3/30/2000 23:30
West Nyack,,OTHER,NY,3/31/2000 14:00
Montauk,,DISK,NY,4/14/2000 3:42
New York City,,DISK,NY,4/16/2000 12:00
Floral Park,,DISK,NY,4/29/2000 22:29
New York City,,FLASH,NY,5/1/2000 1:00
Triborough Bridge,GREEN,LIGHT,NY,5/6/2000 5:05
Bloomingburgh,,LIGHT,NY,5/6/2000 21:30
Candor,,OTHER,NY,5/12/2000 23:25
Eastchester,,CIRCLE,NY,5/14/2000 3:00
New Rochelle,,CIRCLE,NY,5/15/2000 20:00
Victor,RED GREEN,DISK,NY,5/25/2000 20:00
Ogdensburg,,VARIOUS,NY,5/26/2000 23:15
Nassau County,,DISK,NY,5/27/2000 21:00
Mineola,,TEARDROP,NY,6/1/2000 22:20
New York City,,CHEVRON,NY,6/3/2000 23:30
West Valley,,LIGHT,NY,6/9/2000 20:30
Levittown,GREEN,CYLINDER,NY,6/10/2000 21:35
,,SPHERE,NY,6/15/2000 15:00
Saratoga,BLUE,OVAL,NY,6/16/2000 14:00
Sunnyside,,LIGHT,NY,6/18/2000 4:30
Monroe,,RECTANGLE,NY,6/18/2000 23:06
New York City,RED,TRIANGLE,NY,6/19/2000 18:30
New York City,,OVAL,NY,6/25/2000 19:30
West Chazy,ORANGE,,NY,6/27/2000 0:03
Bedford,,LIGHT,NY,6/30/2000 22:00
Buffalo,,TRIANGLE,NY,6/30/2000 22:00
Palmyra,,,NY,7/1/2000 22:00
New York City,,TRIANGLE,NY,7/1/2000 22:15
Boston,,LIGHT,NY,7/3/2000 19:00
Potsdam,,TRIANGLE,NY,7/4/2000 18:00
Babylon,,FORMATION,NY,7/6/2000 23:20
Franklin Square,,,NY,7/9/2000 9:15
Spring Glen,,DISK,NY,7/12/2000 19:50
Sherman,,LIGHT,NY,7/12/2000 23:30
Addison,,CIRCLE,NY,7/13/2000 21:30
Troy,,DISK,NY,7/14/2000 3:00
New City,,TRIANGLE,NY,7/15/2000 21:30
Trumansburg,,LIGHT,NY,7/20/2000 23:00
Ocean Parkway,RED,CHEVRON,NY,7/20/2000 23:30
Valley Stream,,EGG,NY,7/23/2000 15:00
New York City,,OTHER,NY,7/23/2000 18:00
West Seneca,,LIGHT,NY,7/23/2000 18:30
New York City,,,NY,7/24/2000 0:00
Fire Island,ORANGE,CIRCLE,NY,7/24/2000 23:00
Rochester,GREEN,OTHER,NY,7/29/2000 0:00
Ithaca,,TEARDROP,NY,7/30/2000 20:20
Tupper Lake,,CIGAR,NY,8/4/2000 22:00
Malone,,CIRCLE,NY,8/7/2000 22:10
New York City,,VARIOUS,NY,8/8/2000 19:00
Canton,,DISK,NY,8/8/2000 22:15
Uniondale,,FIREBALL,NY,8/9/2000 0:15
Long Lake,,FORMATION,NY,8/10/2000 21:45
Indian Lake,,FORMATION,NY,8/10/2000 22:00
Redfield,,FORMATION,NY,8/10/2000 22:05
Maybrook,,OTHER,NY,8/10/2000 22:30
Buffalo,,LIGHT,NY,8/13/2000 22:00
West Seneca,,EGG,NY,8/19/2000 18:45
Maybrook,,OTHER,NY,8/20/2000 22:30
Middletown,,OTHER,NY,8/20/2000 22:30
New York City,,LIGHT,NY,8/20/2000 23:00
New York City,,LIGHT,NY,8/20/2000 23:00
Adams,,LIGHT,NY,8/24/2000 22:14
Aquebogue,,LIGHT,NY,8/31/2000 21:30
Orchard Park,,OTHER,NY,9/1/2000 23:12
Williamsville,,LIGHT,NY,9/6/2000 22:00
Syracuse,,TRIANGLE,NY,9/7/2000 20:30
New York City,,RECTANGLE,NY,9/8/2000 12:30
New York City,,RECTANGLE,NY,9/8/2000 12:30
Williamsville,RED GREEN,LIGHT,NY,9/13/2000 21:00
Selden,,CIRCLE,NY,9/16/2000 0:45
New York City,,FORMATION,NY,9/16/2000 15:30
Maybrook,,OTHER,NY,9/20/2000 22:30
Babylon,,CIRCLE,NY,9/27/2000 3:00
Jones Beach,RED BLUE,DIAMOND,NY,10/1/2000 23:15
Chemung,,OTHER,NY,10/8/2000 18:20
Chemung,,OTHER,NY,10/8/2000 18:20
Watertown,,LIGHT,NY,10/11/2000 20:00
Forest Hills,GREEN,CIRCLE,NY,10/13/2000 1:00
Mt. Kisco,,LIGHT,NY,10/15/2000 4:00
Bellerose,YELLOW,DISK,NY,10/16/2000 23:55
Westbury,,DISK,NY,10/20/2000 20:45
Harpursville,RED BLUE,VARIOUS,NY,10/23/2000 0:05
Prattsburgh,,FLASH,NY,10/27/2000 22:00
Poughkeepsie,,TRIANGLE,NY,10/28/2000 21:00
New City,GREEN,DISK,NY,10/31/2000 20:32
Commack,,EGG,NY,11/1/2000 3:00
Syracuse,,TRIANGLE,NY,11/10/2000 23:00
Slate Hill,,CIRCLE,NY,11/11/2000 5:00
Port Jefferson,GREEN,VARIOUS,NY,11/12/2000 21:45
Greenfield Center,GREEN,OTHER,NY,11/15/2000 19:00
Greenwich,,LIGHT,NY,11/17/2000 18:30
Monticello,ORANGE,VARIOUS,NY,11/17/2000 20:45
New York City,,TRIANGLE,NY,11/18/2000 1:30
Massapequa,,OVAL,NY,11/19/2000 3:00
Valley Stream,,TRIANGLE,NY,11/23/2000 20:06
Galway,,LIGHT,NY,11/30/2000 18:45
Seldon,RED,TRIANGLE,NY,12/2/2000 22:50
Monticello,,TRIANGLE,NY,12/4/2000 14:00
North Tonawanda,,OTHER,NY,12/4/2000 21:40
Tonawanda,,LIGHT,NY,12/6/2000 4:55
New York City,,VARIOUS,NY,12/15/2000 16:20
Buffalo,,FORMATION,NY,12/25/2000 18:30
